{"inputUnits":[99],"outputUnits":4,"inputs":{"0":{"dtype":"number","min":0.2578662037849426,"max":0.6141737699508667},"1":{"dtype":"number","min":0.31235599517822266,"max":0.7299194931983948},"2":{"dtype":"number","min":-1.137278437614441,"max":-0.33574378490448},"3":{"dtype":"number","min":0.27584028244018555,"max":0.6279900670051575},"4":{"dtype":"number","min":0.2617564797401428,"max":0.6701871156692505},"5":{"dtype":"number","min":-1.1058619022369385,"max":-0.28679850697517395},"6":{"dtype":"number","min":0.28837910294532776,"max":0.635244607925415},"7":{"dtype":"number","min":0.26033490896224976,"max":0.6662979125976562},"8":{"dtype":"number","min":-1.1058619022369385,"max":-0.28617367148399353},"9":{"dtype":"number","min":0.29991036653518677,"max":0.6432054042816162},"10":{"dtype":"number","min":0.2583162188529968,"max":0.662719190120697},"11":{"dtype":"number","min":-1.1058619022369385,"max":-0.2857571244239807},"12":{"dtype":"number","min":0.2337380051612854,"max":0.6025826930999756},"13":{"dtype":"number","min":0.2635020613670349,"max":0.6762257814407349},"14":{"dtype":"number","min":-1.0798311233520508,"max":-0.2920054495334625},"15":{"dtype":"number","min":0.22062692046165466,"max":0.5906548500061035},"16":{"dtype":"number","min":0.26417791843414307,"max":0.6753919124603271},"17":{"dtype":"number","min":-1.0798311233520508,"max":-0.2922137379646301},"18":{"dtype":"number","min":0.2087707370519638,"max":0.5795992612838745},"19":{"dtype":"number","min":0.264657199382782,"max":0.6741505265235901},"20":{"dtype":"number","min":-1.0798311233520508,"max":-0.2922137379646301},"21":{"dtype":"number","min":0.3184245824813843,"max":0.6432217359542847},"22":{"dtype":"number","min":0.2707165479660034,"max":0.6643102169036865},"23":{"dtype":"number","min":-0.8249083757400513,"max":-0.03970295190811157},"24":{"dtype":"number","min":0.19799773395061493,"max":0.5552992820739746},"25":{"dtype":"number","min":0.277951717376709,"max":0.6799266338348389},"26":{"dtype":"number","min":-0.7274197936058044,"max":-0.05212151259183884},"27":{"dtype":"number","min":0.2886640429496765,"max":0.61878502368927},"28":{"dtype":"number","min":0.36435467004776,"max":0.7671912312507629},"29":{"dtype":"number","min":-1.0241789817810059,"max":-0.24410155415534973},"30":{"dtype":"number","min":0.24369679391384125,"max":0.591172993183136},"31":{"dtype":"number","min":0.3654482364654541,"max":0.7737825512886047},"32":{"dtype":"number","min":-0.9891719818115234,"max":-0.2488919496536255},"33":{"dtype":"number","min":0.4111447334289551,"max":0.6640678644180298},"34":{"dtype":"number","min":0.4950505495071411,"max":0.8070862889289856},"35":{"dtype":"number","min":-0.6251890063285828,"max":-0.039641667157411575},"36":{"dtype":"number","min":0.16040141880512238,"max":0.49180349707603455},"37":{"dtype":"number","min":0.5013285875320435,"max":0.8577619194984436},"38":{"dtype":"number","min":-0.6063909530639648,"max":0.12871621549129486},"39":{"dtype":"number","min":0.4845868945121765,"max":0.7385143041610718},"40":{"dtype":"number","min":0.19586610794067383,"max":1.1101927757263184},"41":{"dtype":"number","min":-0.7938121557235718,"max":-0.17354707419872284},"42":{"dtype":"number","min":-0.04079371690750122,"max":0.45828115940093994},"43":{"dtype":"number","min":0.11121714115142822,"max":1.061264991760254},"44":{"dtype":"number","min":-0.8912448287010193,"max":0.14604662358760834},"45":{"dtype":"number","min":0.4586063027381897,"max":0.7825174927711487},"46":{"dtype":"number","min":-0.08480668067932129,"max":1.3428720235824585},"47":{"dtype":"number","min":-1.0729371309280396,"max":-0.2875808775424957},"48":{"dtype":"number","min":-0.1309640109539032,"max":0.499103307723999},"49":{"dtype":"number","min":-0.11475658416748047,"max":1.3790724277496338},"50":{"dtype":"number","min":-1.0973092317581177,"max":-0.0026738017331808805},"51":{"dtype":"number","min":0.4565069079399109,"max":0.7766762971878052},"52":{"dtype":"number","min":-0.1744745969772339,"max":1.4321354627609253},"53":{"dtype":"number","min":-1.2044397592544556,"max":-0.3512880206108093},"54":{"dtype":"number","min":-0.1587396264076233,"max":0.5068672299385071},"55":{"dtype":"number","min":-0.18354856967926025,"max":1.475572943687439},"56":{"dtype":"number","min":-1.1949187517166138,"max":-0.024838456884026527},"57":{"dtype":"number","min":0.4498050808906555,"max":0.7658678889274597},"58":{"dtype":"number","min":-0.16493797302246094,"max":1.4310121536254883},"59":{"dtype":"number","min":-1.1942756175994873,"max":-0.3217311203479767},"60":{"dtype":"number","min":-0.14553818106651306,"max":0.5178641080856323},"61":{"dtype":"number","min":-0.19266259670257568,"max":1.4758718013763428},"62":{"dtype":"number","min":-1.1815214157104492,"max":-0.10110919922590256},"63":{"dtype":"number","min":0.44756993651390076,"max":0.7658160924911499},"64":{"dtype":"number","min":-0.12437224388122559,"max":1.3987616300582886},"65":{"dtype":"number","min":-1.0906023979187012,"max":-0.2949700951576233},"66":{"dtype":"number","min":-0.13230422139167786,"max":0.516124963760376},"67":{"dtype":"number","min":-0.158782958984375,"max":1.4384247064590454},"68":{"dtype":"number","min":-1.1068788766860962,"max":-0.048473235219717026},"69":{"dtype":"number","min":0.41103920340538025,"max":0.6054901480674744},"70":{"dtype":"number","min":1.0999293327331543,"max":1.5454699993133545},"71":{"dtype":"number","min":-0.07944294065237045,"max":0.06916111707687378},"72":{"dtype":"number","min":0.23777219653129578,"max":0.4669370949268341},"73":{"dtype":"number","min":1.052507996559143,"max":1.5746328830718994},"74":{"dtype":"number","min":-0.06555576622486115,"max":0.08430781960487366},"75":{"dtype":"number","min":0.4209948182106018,"max":0.6027049422264099},"76":{"dtype":"number","min":1.2649056911468506,"max":2.14311146736145},"77":{"dtype":"number","min":-0.3684626519680023,"max":0.011596468277275562},"78":{"dtype":"number","min":0.25703728199005127,"max":0.4733617901802063},"79":{"dtype":"number","min":1.0278465747833252,"max":2.2042176723480225},"80":{"dtype":"number","min":-0.35025539994239807,"max":-0.0004347623616922647},"81":{"dtype":"number","min":0.41817915439605713,"max":0.6131806969642639},"82":{"dtype":"number","min":1.5000725984573364,"max":2.685060501098633},"83":{"dtype":"number","min":0.009351092390716076,"max":0.5145217180252075},"84":{"dtype":"number","min":0.2692147195339203,"max":0.5114387273788452},"85":{"dtype":"number","min":1.180389165878296,"max":2.8027637004852295},"86":{"dtype":"number","min":-0.04760812595486641,"max":0.3146141469478607},"87":{"dtype":"number","min":0.42117661237716675,"max":0.6190904974937439},"88":{"dtype":"number","min":1.5254123210906982,"max":2.749582052230835},"89":{"dtype":"number","min":0.044838376343250275,"max":0.5740979313850403},"90":{"dtype":"number","min":0.26561737060546875,"max":0.5257278084754944},"91":{"dtype":"number","min":1.212027668952942,"max":2.885326385498047},"92":{"dtype":"number","min":-0.027679797261953354,"max":0.3401961624622345},"93":{"dtype":"number","min":0.40423163771629333,"max":0.5982582569122314},"94":{"dtype":"number","min":1.5679816007614136,"max":2.8698606491088867},"95":{"dtype":"number","min":-0.19335182011127472,"max":0.36848267912864685},"96":{"dtype":"number","min":0.3018365800380707,"max":0.49505218863487244},"97":{"dtype":"number","min":1.2012863159179688,"max":2.963761568069458},"98":{"dtype":"number","min":-0.3177257478237152,"max":0.13119234144687653}},"outputs":{"0":{"dtype":"string","min":0,"max":1,"uniqueValues":["left_up","neutral","right_up","both_up"],"legend":{"left_up":[1,0,0,0],"neutral":[0,1,0,0],"right_up":[0,0,1,0],"both_up":[0,0,0,1]}}},"isNormalized":true}